,Well,Fluor,Target,Content,Sample,Biological Set Name,Cq,Cq Mean,Cq Std. Dev,Starting Quantity (SQ),Log Starting Quantity,SQ Mean,SQ Std. Dev,Set Point,Well Note
,A01,SYBR,,Unkn,,,18.6780527248008,18.6780527248008,0,NaN,NaN,NaN,0,60,
,A02,SYBR,,Unkn,,,17.8633504891564,17.8633504891564,0,NaN,NaN,NaN,0,60,
,A03,SYBR,,Unkn,,,19.2917877825863,19.2917877825863,0,NaN,NaN,NaN,0,60,
,A04,SYBR,,Unkn,,,18.0524614329855,18.0524614329855,0,NaN,NaN,NaN,0,60,
,A05,SYBR,,Unkn,,,18.3735359675361,18.3735359675361,0,NaN,NaN,NaN,0,60,
,A06,SYBR,,Unkn,,,17.3336952634854,17.3336952634854,0,NaN,NaN,NaN,0,60,
,A07,SYBR,,Unkn,,,19.0118404494168,19.0118404494168,0,NaN,NaN,NaN,0,60,
,A08,SYBR,,Unkn,,,17.3750274851178,17.3750274851178,0,NaN,NaN,NaN,0,60,
,A09,SYBR,,Unkn,,,18.5644722148933,18.5644722148933,0,NaN,NaN,NaN,0,60,
,A10,SYBR,,Unkn,,,17.9316823745398,17.9316823745398,0,NaN,NaN,NaN,0,60,
,A11,SYBR,,Unkn,,,18.9534567215674,18.9534567215674,0,NaN,NaN,NaN,0,60,
,A12,SYBR,,Unkn,,,18.397279878953,18.397279878953,0,NaN,NaN,NaN,0,60,
,A13,SYBR,,Unkn,,,18.4319559810476,18.4319559810476,0,NaN,NaN,NaN,0,60,
,A14,SYBR,,Unkn,,,17.5921500941428,17.5921500941428,0,NaN,NaN,NaN,0,60,
,A15,SYBR,,Unkn,,,18.4519514798053,18.4519514798053,0,NaN,NaN,NaN,0,60,
,A16,SYBR,,Unkn,,,17.4849775951982,17.4849775951982,0,NaN,NaN,NaN,0,60,
,A17,SYBR,,Unkn,,,18.0849054318254,18.0849054318254,0,NaN,NaN,NaN,0,60,
,A18,SYBR,,Unkn,,,17.6275160332908,17.6275160332908,0,NaN,NaN,NaN,0,60,
,A19,SYBR,,Unkn,,,19.0483975383931,19.0483975383931,0,NaN,NaN,NaN,0,60,
,A20,SYBR,,Unkn,,,17.6482703504736,17.6482703504736,0,NaN,NaN,NaN,0,60,
,A21,SYBR,,Unkn,,,18.1539942623393,18.1539942623393,0,NaN,NaN,NaN,0,60,
,A22,SYBR,,Unkn,,,17.2626166770425,17.2626166770425,0,NaN,NaN,NaN,0,60,
,A23,SYBR,,Unkn,,,18.7031263802768,18.7031263802768,0,NaN,NaN,NaN,0,60,
,A24,SYBR,,Unkn,,,17.0792960828197,17.0792960828197,0,NaN,NaN,NaN,0,60,
,B01,SYBR,,Unkn,,,27.8230439957841,27.8230439957841,0,NaN,NaN,NaN,0,60,
,B02,SYBR,,Unkn,,,31.1525098881558,31.1525098881558,0,NaN,NaN,NaN,0,60,
,B03,SYBR,,Unkn,,,28.0189612428844,28.0189612428844,0,NaN,NaN,NaN,0,60,
,B04,SYBR,,Unkn,,,30.9910668120088,30.9910668120088,0,NaN,NaN,NaN,0,60,
,B05,SYBR,,Unkn,,,16.9564647652597,16.9564647652597,0,NaN,NaN,NaN,0,60,
,B06,SYBR,,Unkn,,,19.4572161913176,19.4572161913176,0,NaN,NaN,NaN,0,60,
,B07,SYBR,,Unkn,,,17.3110301505995,17.3110301505995,0,NaN,NaN,NaN,0,60,
,B08,SYBR,,Unkn,,,20.2828096219119,20.2828096219119,0,NaN,NaN,NaN,0,60,
,B09,SYBR,,Unkn,,,27.399158241032,27.399158241032,0,NaN,NaN,NaN,0,60,
,B10,SYBR,,Unkn,,,31.4367488373327,31.4367488373327,0,NaN,NaN,NaN,0,60,
,B11,SYBR,,Unkn,,,26.7750739801581,26.7750739801581,0,NaN,NaN,NaN,0,60,
,B12,SYBR,,Unkn,,,29.821340732145,29.821340732145,0,NaN,NaN,NaN,0,60,
,B13,SYBR,,Unkn,,,17.4763803753127,17.4763803753127,0,NaN,NaN,NaN,0,60,
,B14,SYBR,,Unkn,,,19.9665324980173,19.9665324980173,0,NaN,NaN,NaN,0,60,
,B15,SYBR,,Unkn,,,16.6643136334766,16.6643136334766,0,NaN,NaN,NaN,0,60,
,B16,SYBR,,Unkn,,,20.2192017395506,20.2192017395506,0,NaN,NaN,NaN,0,60,
,B17,SYBR,,Unkn,,,27.0239866666923,27.0239866666923,0,NaN,NaN,NaN,0,60,
,B18,SYBR,,Unkn,,,31.7479194892839,31.7479194892839,0,NaN,NaN,NaN,0,60,
,B19,SYBR,,Unkn,,,25.298820858365,25.298820858365,0,NaN,NaN,NaN,0,60,
,B20,SYBR,,Unkn,,,30.0745906248643,30.0745906248643,0,NaN,NaN,NaN,0,60,
,B21,SYBR,,Unkn,,,17.353716766066,17.353716766066,0,NaN,NaN,NaN,0,60,
,B22,SYBR,,Unkn,,,21.2058512499709,21.2058512499709,0,NaN,NaN,NaN,0,60,
,B23,SYBR,,Unkn,,,17.0170427062543,17.0170427062543,0,NaN,NaN,NaN,0,60,
,B24,SYBR,,Unkn,,,19.5996359932439,19.5996359932439,0,NaN,NaN,NaN,0,60,
,C01,SYBR,,Unkn,,,32.4608992508823,32.4608992508823,0,NaN,NaN,NaN,0,60,
,C02,SYBR,,Unkn,,,33.7277316464282,33.7277316464282,0,NaN,NaN,NaN,0,60,
,C03,SYBR,,Unkn,,,32.4669213107854,32.4669213107854,0,NaN,NaN,NaN,0,60,
,C04,SYBR,,Unkn,,,34.0391223113195,34.0391223113195,0,NaN,NaN,NaN,0,60,
,C05,SYBR,,Unkn,,,23.1406617551478,23.1406617551478,0,NaN,NaN,NaN,0,60,
,C06,SYBR,,Unkn,,,26.2375574195711,26.2375574195711,0,NaN,NaN,NaN,0,60,
,C07,SYBR,,Unkn,,,23.0951445778599,23.0951445778599,0,NaN,NaN,NaN,0,60,
,C08,SYBR,,Unkn,,,26.4178295366733,26.4178295366733,0,NaN,NaN,NaN,0,60,
,C09,SYBR,,Unkn,,,32.1896049223461,32.1896049223461,0,NaN,NaN,NaN,0,60,
,C10,SYBR,,Unkn,,,33.441007635317,33.441007635317,0,NaN,NaN,NaN,0,60,
,C11,SYBR,,Unkn,,,31.0542385659505,31.0542385659505,0,NaN,NaN,NaN,0,60,
,C12,SYBR,,Unkn,,,32.2419903924781,32.2419903924781,0,NaN,NaN,NaN,0,60,
,C13,SYBR,,Unkn,,,23.7757131309256,23.7757131309256,0,NaN,NaN,NaN,0,60,
,C14,SYBR,,Unkn,,,26.0004712397904,26.0004712397904,0,NaN,NaN,NaN,0,60,
,C15,SYBR,,Unkn,,,23.1300345705148,23.1300345705148,0,NaN,NaN,NaN,0,60,
,C16,SYBR,,Unkn,,,25.5354774514427,25.5354774514427,0,NaN,NaN,NaN,0,60,
,C17,SYBR,,Unkn,,,32.3313324758485,32.3313324758485,0,NaN,NaN,NaN,0,60,
,C18,SYBR,,Unkn,,,34.2144151319835,34.2144151319835,0,NaN,NaN,NaN,0,60,
,C19,SYBR,,Unkn,,,32.6405745119128,32.6405745119128,0,NaN,NaN,NaN,0,60,
,C20,SYBR,,Unkn,,,33.6050460716101,33.6050460716101,0,NaN,NaN,NaN,0,60,
,C21,SYBR,,Unkn,,,23.1620293597959,23.1620293597959,0,NaN,NaN,NaN,0,60,
,C22,SYBR,,Unkn,,,26.6038899695204,26.6038899695204,0,NaN,NaN,NaN,0,60,
,C23,SYBR,,Unkn,,,23.2654113690431,23.2654113690431,0,NaN,NaN,NaN,0,60,
,C24,SYBR,,Unkn,,,25.3531440863805,25.3531440863805,0,NaN,NaN,NaN,0,60,
,D01,SYBR,,Unkn,,,24.4570111112149,24.4570111112149,0,NaN,NaN,NaN,0,60,
,D02,SYBR,,Unkn,,,30.4193792462342,30.4193792462342,0,NaN,NaN,NaN,0,60,
,D03,SYBR,,Unkn,,,25.5481811975761,25.5481811975761,0,NaN,NaN,NaN,0,60,
,D04,SYBR,,Unkn,,,29.3291760976723,29.3291760976723,0,NaN,NaN,NaN,0,60,
,D05,SYBR,,Unkn,,,24.590639627324,24.590639627324,0,NaN,NaN,NaN,0,60,
,D06,SYBR,,Unkn,,,30.6717406684462,30.6717406684462,0,NaN,NaN,NaN,0,60,
,D07,SYBR,,Unkn,,,25.6283681877826,25.6283681877826,0,NaN,NaN,NaN,0,60,
,D08,SYBR,,Unkn,,,31.1598320115418,31.1598320115418,0,NaN,NaN,NaN,0,60,
,D09,SYBR,,Unkn,,,24.5862060006246,24.5862060006246,0,NaN,NaN,NaN,0,60,
,D10,SYBR,,Unkn,,,29.798038246036,29.798038246036,0,NaN,NaN,NaN,0,60,
,D11,SYBR,,Unkn,,,25.3682353179136,25.3682353179136,0,NaN,NaN,NaN,0,60,
,D12,SYBR,,Unkn,,,30.3507500948468,30.3507500948468,0,NaN,NaN,NaN,0,60,
,D13,SYBR,,Unkn,,,24.879137583248,24.879137583248,0,NaN,NaN,NaN,0,60,
,D14,SYBR,,Unkn,,,29.6639292846712,29.6639292846712,0,NaN,NaN,NaN,0,60,
,D15,SYBR,,Unkn,,,25.7272871634972,25.7272871634972,0,NaN,NaN,NaN,0,60,
,D16,SYBR,,Unkn,,,30.4693182702784,30.4693182702784,0,NaN,NaN,NaN,0,60,
,D17,SYBR,,Unkn,,,24.2204425703773,24.2204425703773,0,NaN,NaN,NaN,0,60,
,D18,SYBR,,Unkn,,,29.16946413863,29.16946413863,0,NaN,NaN,NaN,0,60,
,D19,SYBR,,Unkn,,,26.0268209410393,26.0268209410393,0,NaN,NaN,NaN,0,60,
,D20,SYBR,,Unkn,,,27.9971123952543,27.9971123952543,0,NaN,NaN,NaN,0,60,
,D21,SYBR,,Unkn,,,25.1886904488632,25.1886904488632,0,NaN,NaN,NaN,0,60,
,D22,SYBR,,Unkn,,,29.7888748405947,29.7888748405947,0,NaN,NaN,NaN,0,60,
,D23,SYBR,,Unkn,,,26.1281898750577,26.1281898750577,0,NaN,NaN,NaN,0,60,
,D24,SYBR,,Unkn,,,29.0729876945202,29.0729876945202,0,NaN,NaN,NaN,0,60,
,E01,SYBR,,Unkn,,,20.4084255273566,20.4084255273566,0,NaN,NaN,NaN,0,60,
,E02,SYBR,,Unkn,,,19.11644732886,19.11644732886,0,NaN,NaN,NaN,0,60,
,E03,SYBR,,Unkn,,,22.051015629411,22.051015629411,0,NaN,NaN,NaN,0,60,
,E04,SYBR,,Unkn,,,19.6191725756199,19.6191725756199,0,NaN,NaN,NaN,0,60,
,E05,SYBR,,Unkn,,,21.2599004993901,21.2599004993901,0,NaN,NaN,NaN,0,60,
,E06,SYBR,,Unkn,,,19.1002075404498,19.1002075404498,0,NaN,NaN,NaN,0,60,
,E07,SYBR,,Unkn,,,22.2844873190964,22.2844873190964,0,NaN,NaN,NaN,0,60,
,E08,SYBR,,Unkn,,,20.3756034975527,20.3756034975527,0,NaN,NaN,NaN,0,60,
,E09,SYBR,,Unkn,,,20.4927032792438,20.4927032792438,0,NaN,NaN,NaN,0,60,
,E10,SYBR,,Unkn,,,18.8003233615772,18.8003233615772,0,NaN,NaN,NaN,0,60,
,E11,SYBR,,Unkn,,,21.9050367285472,21.9050367285472,0,NaN,NaN,NaN,0,60,
,E12,SYBR,,Unkn,,,20.2222554772697,20.2222554772697,0,NaN,NaN,NaN,0,60,
,E13,SYBR,,Unkn,,,21.8304066883205,21.8304066883205,0,NaN,NaN,NaN,0,60,
,E14,SYBR,,Unkn,,,19.5119591447549,19.5119591447549,0,NaN,NaN,NaN,0,60,
,E15,SYBR,,Unkn,,,22.5329389047901,22.5329389047901,0,NaN,NaN,NaN,0,60,
,E16,SYBR,,Unkn,,,20.858893315132,20.858893315132,0,NaN,NaN,NaN,0,60,
,E17,SYBR,,Unkn,,,20.5021758268119,20.5021758268119,0,NaN,NaN,NaN,0,60,
,E18,SYBR,,Unkn,,,18.7417413497706,18.7417413497706,0,NaN,NaN,NaN,0,60,
,E19,SYBR,,Unkn,,,22.1560224069592,22.1560224069592,0,NaN,NaN,NaN,0,60,
,E20,SYBR,,Unkn,,,19.7226803978411,19.7226803978411,0,NaN,NaN,NaN,0,60,
,E21,SYBR,,Unkn,,,21.1201737924544,21.1201737924544,0,NaN,NaN,NaN,0,60,
,E22,SYBR,,Unkn,,,19.2576486472687,19.2576486472687,0,NaN,NaN,NaN,0,60,
,E23,SYBR,,Unkn,,,22.4026001447593,22.4026001447593,0,NaN,NaN,NaN,0,60,
,E24,SYBR,,Unkn,,,20.3552623616596,20.3552623616596,0,NaN,NaN,NaN,0,60,
,F01,SYBR,,Unkn,,,19.4043156685622,19.4043156685622,0,NaN,NaN,NaN,0,60,
,F02,SYBR,,Unkn,,,20.3762593174629,20.3762593174629,0,NaN,NaN,NaN,0,60,
,F03,SYBR,,Unkn,,,22.4273147908114,22.4273147908114,0,NaN,NaN,NaN,0,60,
,F04,SYBR,,Unkn,,,21.5046905994377,21.5046905994377,0,NaN,NaN,NaN,0,60,
,F05,SYBR,,Unkn,,,18.2938191091316,18.2938191091316,0,NaN,NaN,NaN,0,60,
,F06,SYBR,,Unkn,,,18.8775221166254,18.8775221166254,0,NaN,NaN,NaN,0,60,
,F07,SYBR,,Unkn,,,21.1249897680906,21.1249897680906,0,NaN,NaN,NaN,0,60,
,F08,SYBR,,Unkn,,,21.0690528358265,21.0690528358265,0,NaN,NaN,NaN,0,60,
,F09,SYBR,,Unkn,,,19.3514002434345,19.3514002434345,0,NaN,NaN,NaN,0,60,
,F10,SYBR,,Unkn,,,20.7251446023391,20.7251446023391,0,NaN,NaN,NaN,0,60,
,F11,SYBR,,Unkn,,,22.1687943561298,22.1687943561298,0,NaN,NaN,NaN,0,60,
,F12,SYBR,,Unkn,,,22.0273721102721,22.0273721102721,0,NaN,NaN,NaN,0,60,
,F13,SYBR,,Unkn,,,18.334345719911,18.334345719911,0,NaN,NaN,NaN,0,60,
,F14,SYBR,,Unkn,,,19.032274883658,19.032274883658,0,NaN,NaN,NaN,0,60,
,F15,SYBR,,Unkn,,,21.2069207018315,21.2069207018315,0,NaN,NaN,NaN,0,60,
,F16,SYBR,,Unkn,,,20.7663337661185,20.7663337661185,0,NaN,NaN,NaN,0,60,
,F17,SYBR,,Unkn,,,18.7813895359878,18.7813895359878,0,NaN,NaN,NaN,0,60,
,F18,SYBR,,Unkn,,,20.3548619818412,20.3548619818412,0,NaN,NaN,NaN,0,60,
,F19,SYBR,,Unkn,,,22.984267190768,22.984267190768,0,NaN,NaN,NaN,0,60,
,F20,SYBR,,Unkn,,,21.7746045537946,21.7746045537946,0,NaN,NaN,NaN,0,60,
,F21,SYBR,,Unkn,,,18.042137519505,18.042137519505,0,NaN,NaN,NaN,0,60,
,F22,SYBR,,Unkn,,,19.2370159257898,19.2370159257898,0,NaN,NaN,NaN,0,60,
,F23,SYBR,,Unkn,,,21.9341271276807,21.9341271276807,0,NaN,NaN,NaN,0,60,
,F24,SYBR,,Unkn,,,21.0161630277675,21.0161630277675,0,NaN,NaN,NaN,0,60,
,G01,SYBR,,Unkn,,,20.1018106999091,20.1018106999091,0,NaN,NaN,NaN,0,60,
,G02,SYBR,,Unkn,,,21.151431546361,21.151431546361,0,NaN,NaN,NaN,0,60,
,G03,SYBR,,Unkn,,,20.2214027015381,20.2214027015381,0,NaN,NaN,NaN,0,60,
,G04,SYBR,,Unkn,,,20.755458424529,20.755458424529,0,NaN,NaN,NaN,0,60,
,G05,SYBR,,Unkn,,,20.6809732477724,20.6809732477724,0,NaN,NaN,NaN,0,60,
,G06,SYBR,,Unkn,,,20.0244209015105,20.0244209015105,0,NaN,NaN,NaN,0,60,
,G07,SYBR,,Unkn,,,21.2267412200353,21.2267412200353,0,NaN,NaN,NaN,0,60,
,G08,SYBR,,Unkn,,,21.4207149432856,21.4207149432856,0,NaN,NaN,NaN,0,60,
,G09,SYBR,,Unkn,,,20.0495204717368,20.0495204717368,0,NaN,NaN,NaN,0,60,
,G10,SYBR,,Unkn,,,21.0949059122221,21.0949059122221,0,NaN,NaN,NaN,0,60,
,G11,SYBR,,Unkn,,,19.6572039478223,19.6572039478223,0,NaN,NaN,NaN,0,60,
,G12,SYBR,,Unkn,,,21.0882558699424,21.0882558699424,0,NaN,NaN,NaN,0,60,
,G13,SYBR,,Unkn,,,21.3021441421324,21.3021441421324,0,NaN,NaN,NaN,0,60,
,G14,SYBR,,Unkn,,,20.3968785239208,20.3968785239208,0,NaN,NaN,NaN,0,60,
,G15,SYBR,,Unkn,,,21.3223198901692,21.3223198901692,0,NaN,NaN,NaN,0,60,
,G16,SYBR,,Unkn,,,20.9625472693234,20.9625472693234,0,NaN,NaN,NaN,0,60,
,G17,SYBR,,Unkn,,,19.8296764132746,19.8296764132746,0,NaN,NaN,NaN,0,60,
,G18,SYBR,,Unkn,,,20.9186331095356,20.9186331095356,0,NaN,NaN,NaN,0,60,
,G19,SYBR,,Unkn,,,19.5529774140848,19.5529774140848,0,NaN,NaN,NaN,0,60,
,G20,SYBR,,Unkn,,,20.4650938778758,20.4650938778758,0,NaN,NaN,NaN,0,60,
,G21,SYBR,,Unkn,,,21.2226953189717,21.2226953189717,0,NaN,NaN,NaN,0,60,
,G22,SYBR,,Unkn,,,20.5755217759169,20.5755217759169,0,NaN,NaN,NaN,0,60,
,G23,SYBR,,Unkn,,,21.3866157053152,21.3866157053152,0,NaN,NaN,NaN,0,60,
,G24,SYBR,,Unkn,,,21.4581225546743,21.4581225546743,0,NaN,NaN,NaN,0,60,
,H01,SYBR,,Unkn,,,23.4810308673454,23.4810308673454,0,NaN,NaN,NaN,0,60,
,H02,SYBR,,Unkn,,,24.8352289335853,24.8352289335853,0,NaN,NaN,NaN,0,60,
,H03,SYBR,,Unkn,,,23.8525423680045,23.8525423680045,0,NaN,NaN,NaN,0,60,
,H04,SYBR,,Unkn,,,24.4071887730778,24.4071887730778,0,NaN,NaN,NaN,0,60,
,H05,SYBR,,Unkn,,,22.9454398533694,22.9454398533694,0,NaN,NaN,NaN,0,60,
,H06,SYBR,,Unkn,,,23.2258673002008,23.2258673002008,0,NaN,NaN,NaN,0,60,
,H07,SYBR,,Unkn,,,23.0798578321651,23.0798578321651,0,NaN,NaN,NaN,0,60,
,H08,SYBR,,Unkn,,,23.9836207527955,23.9836207527955,0,NaN,NaN,NaN,0,60,
,H09,SYBR,,Unkn,,,23.2975455624496,23.2975455624496,0,NaN,NaN,NaN,0,60,
,H10,SYBR,,Unkn,,,24.624140154539,24.624140154539,0,NaN,NaN,NaN,0,60,
,H11,SYBR,,Unkn,,,23.3714535051488,23.3714535051488,0,NaN,NaN,NaN,0,60,
,H12,SYBR,,Unkn,,,24.5757370148342,24.5757370148342,0,NaN,NaN,NaN,0,60,
,H13,SYBR,,Unkn,,,23.3141728312611,23.3141728312611,0,NaN,NaN,NaN,0,60,
,H14,SYBR,,Unkn,,,23.2392968676651,23.2392968676651,0,NaN,NaN,NaN,0,60,
,H15,SYBR,,Unkn,,,22.8844451034024,22.8844451034024,0,NaN,NaN,NaN,0,60,
,H16,SYBR,,Unkn,,,23.7753899381975,23.7753899381975,0,NaN,NaN,NaN,0,60,
,H17,SYBR,,Unkn,,,23.4146290692624,23.4146290692624,0,NaN,NaN,NaN,0,60,
,H18,SYBR,,Unkn,,,24.498823158646,24.498823158646,0,NaN,NaN,NaN,0,60,
,H19,SYBR,,Unkn,,,23.1787172517902,23.1787172517902,0,NaN,NaN,NaN,0,60,
,H20,SYBR,,Unkn,,,24.1437495064535,24.1437495064535,0,NaN,NaN,NaN,0,60,
,H21,SYBR,,Unkn,,,23.0418318463929,23.0418318463929,0,NaN,NaN,NaN,0,60,
,H22,SYBR,,Unkn,,,23.3703608367278,23.3703608367278,0,NaN,NaN,NaN,0,60,
,H23,SYBR,,Unkn,,,23.1730023614506,23.1730023614506,0,NaN,NaN,NaN,0,60,
,H24,SYBR,,Unkn,,,23.9915597507574,23.9915597507574,0,NaN,NaN,NaN,0,60,
,I01,SYBR,,Unkn,,,33.1911938691945,33.1911938691945,0,NaN,NaN,NaN,0,60,
,I02,SYBR,,Unkn,,,34.0949229892764,34.0949229892764,0,NaN,NaN,NaN,0,60,
,I03,SYBR,,Unkn,,,NaN,0,0,NaN,NaN,0,0,60,
,I04,SYBR,,Unkn,,,NaN,0,0,NaN,NaN,0,0,60,
,I05,SYBR,,Unkn,,,NaN,0,0,NaN,NaN,0,0,60,
,I06,SYBR,,Unkn,,,NaN,0,0,NaN,NaN,0,0,60,
,I07,SYBR,,Unkn,,,NaN,0,0,NaN,NaN,0,0,60,
,I08,SYBR,,Unkn,,,NaN,0,0,NaN,NaN,0,0,60,
,I09,SYBR,,Unkn,,,NaN,0,0,NaN,NaN,0,0,60,
,I10,SYBR,,Unkn,,,NaN,0,0,NaN,NaN,0,0,60,
,I11,SYBR,,Unkn,,,NaN,0,0,NaN,NaN,0,0,60,
,I12,SYBR,,Unkn,,,NaN,0,0,NaN,NaN,0,0,60,
,I13,SYBR,,Unkn,,,NaN,0,0,NaN,NaN,0,0,60,
,I14,SYBR,,Unkn,,,NaN,0,0,NaN,NaN,0,0,60,
,I15,SYBR,,Unkn,,,NaN,0,0,NaN,NaN,0,0,60,
,I16,SYBR,,Unkn,,,NaN,0,0,NaN,NaN,0,0,60,
,I17,SYBR,,Unkn,,,NaN,0,0,NaN,NaN,0,0,60,
,I18,SYBR,,Unkn,,,NaN,0,0,NaN,NaN,0,0,60,
,I19,SYBR,,Unkn,,,NaN,0,0,NaN,NaN,0,0,60,
,I20,SYBR,,Unkn,,,NaN,0,0,NaN,NaN,0,0,60,
,I21,SYBR,,Unkn,,,NaN,0,0,NaN,NaN,0,0,60,
,I22,SYBR,,Unkn,,,NaN,0,0,NaN,NaN,0,0,60,
,I23,SYBR,,Unkn,,,NaN,0,0,NaN,NaN,0,0,60,
,I24,SYBR,,Unkn,,,NaN,0,0,NaN,NaN,0,0,60,
,J01,SYBR,,Unkn,,,NaN,0,0,NaN,NaN,0,0,60,
,J02,SYBR,,Unkn,,,NaN,0,0,NaN,NaN,0,0,60,
,J03,SYBR,,Unkn,,,NaN,0,0,NaN,NaN,0,0,60,
,J04,SYBR,,Unkn,,,NaN,0,0,NaN,NaN,0,0,60,
,J05,SYBR,,Unkn,,,NaN,0,0,NaN,NaN,0,0,60,
,J06,SYBR,,Unkn,,,NaN,0,0,NaN,NaN,0,0,60,
,J07,SYBR,,Unkn,,,NaN,0,0,NaN,NaN,0,0,60,
,J08,SYBR,,Unkn,,,NaN,0,0,NaN,NaN,0,0,60,
,J09,SYBR,,Unkn,,,NaN,0,0,NaN,NaN,0,0,60,
,J10,SYBR,,Unkn,,,NaN,0,0,NaN,NaN,0,0,60,
,J11,SYBR,,Unkn,,,NaN,0,0,NaN,NaN,0,0,60,
,J12,SYBR,,Unkn,,,NaN,0,0,NaN,NaN,0,0,60,
,J13,SYBR,,Unkn,,,NaN,0,0,NaN,NaN,0,0,60,
,J14,SYBR,,Unkn,,,NaN,0,0,NaN,NaN,0,0,60,
,J15,SYBR,,Unkn,,,NaN,0,0,NaN,NaN,0,0,60,
,J16,SYBR,,Unkn,,,NaN,0,0,NaN,NaN,0,0,60,
,J17,SYBR,,Unkn,,,NaN,0,0,NaN,NaN,0,0,60,
,J18,SYBR,,Unkn,,,NaN,0,0,NaN,NaN,0,0,60,
,J19,SYBR,,Unkn,,,NaN,0,0,NaN,NaN,0,0,60,
,J20,SYBR,,Unkn,,,NaN,0,0,NaN,NaN,0,0,60,
,J21,SYBR,,Unkn,,,NaN,0,0,NaN,NaN,0,0,60,
,J22,SYBR,,Unkn,,,NaN,0,0,NaN,NaN,0,0,60,
,J23,SYBR,,Unkn,,,NaN,0,0,NaN,NaN,0,0,60,
,J24,SYBR,,Unkn,,,NaN,0,0,NaN,NaN,0,0,60,
,K01,SYBR,,Unkn,,,NaN,0,0,NaN,NaN,0,0,60,
,K02,SYBR,,Unkn,,,NaN,0,0,NaN,NaN,0,0,60,
,K03,SYBR,,Unkn,,,NaN,0,0,NaN,NaN,0,0,60,
,K04,SYBR,,Unkn,,,NaN,0,0,NaN,NaN,0,0,60,
,K05,SYBR,,Unkn,,,NaN,0,0,NaN,NaN,0,0,60,
,K06,SYBR,,Unkn,,,NaN,0,0,NaN,NaN,0,0,60,
,K07,SYBR,,Unkn,,,NaN,0,0,NaN,NaN,0,0,60,
,K08,SYBR,,Unkn,,,NaN,0,0,NaN,NaN,0,0,60,
,K09,SYBR,,Unkn,,,NaN,0,0,NaN,NaN,0,0,60,
,K10,SYBR,,Unkn,,,NaN,0,0,NaN,NaN,0,0,60,
,K11,SYBR,,Unkn,,,NaN,0,0,NaN,NaN,0,0,60,
,K12,SYBR,,Unkn,,,NaN,0,0,NaN,NaN,0,0,60,
,K13,SYBR,,Unkn,,,NaN,0,0,NaN,NaN,0,0,60,
,K14,SYBR,,Unkn,,,NaN,0,0,NaN,NaN,0,0,60,
,K15,SYBR,,Unkn,,,NaN,0,0,NaN,NaN,0,0,60,
,K16,SYBR,,Unkn,,,NaN,0,0,NaN,NaN,0,0,60,
,K17,SYBR,,Unkn,,,NaN,0,0,NaN,NaN,0,0,60,
,K18,SYBR,,Unkn,,,NaN,0,0,NaN,NaN,0,0,60,
,K19,SYBR,,Unkn,,,NaN,0,0,NaN,NaN,0,0,60,
,K20,SYBR,,Unkn,,,NaN,0,0,NaN,NaN,0,0,60,
,K21,SYBR,,Unkn,,,NaN,0,0,NaN,NaN,0,0,60,
,K22,SYBR,,Unkn,,,NaN,0,0,NaN,NaN,0,0,60,
,K23,SYBR,,Unkn,,,NaN,0,0,NaN,NaN,0,0,60,
,K24,SYBR,,Unkn,,,NaN,0,0,NaN,NaN,0,0,60,
,L01,SYBR,,Unkn,,,37.8528572416457,37.8528572416457,0,NaN,NaN,NaN,0,60,
,L02,SYBR,,Unkn,,,37.8401065283532,37.8401065283532,0,NaN,NaN,NaN,0,60,
,L03,SYBR,,Unkn,,,NaN,0,0,NaN,NaN,0,0,60,
,L04,SYBR,,Unkn,,,NaN,0,0,NaN,NaN,0,0,60,
,L05,SYBR,,Unkn,,,NaN,0,0,NaN,NaN,0,0,60,
,L06,SYBR,,Unkn,,,NaN,0,0,NaN,NaN,0,0,60,
,L07,SYBR,,Unkn,,,NaN,0,0,NaN,NaN,0,0,60,
,L08,SYBR,,Unkn,,,NaN,0,0,NaN,NaN,0,0,60,
,L09,SYBR,,Unkn,,,NaN,0,0,NaN,NaN,0,0,60,
,L10,SYBR,,Unkn,,,NaN,0,0,NaN,NaN,0,0,60,
,L11,SYBR,,Unkn,,,NaN,0,0,NaN,NaN,0,0,60,
,L12,SYBR,,Unkn,,,NaN,0,0,NaN,NaN,0,0,60,
,L13,SYBR,,Unkn,,,NaN,0,0,NaN,NaN,0,0,60,
,L14,SYBR,,Unkn,,,NaN,0,0,NaN,NaN,0,0,60,
,L15,SYBR,,Unkn,,,NaN,0,0,NaN,NaN,0,0,60,
,L16,SYBR,,Unkn,,,NaN,0,0,NaN,NaN,0,0,60,
,L17,SYBR,,Unkn,,,NaN,0,0,NaN,NaN,0,0,60,
,L18,SYBR,,Unkn,,,NaN,0,0,NaN,NaN,0,0,60,
,L19,SYBR,,Unkn,,,NaN,0,0,NaN,NaN,0,0,60,
,L20,SYBR,,Unkn,,,NaN,0,0,NaN,NaN,0,0,60,
,L21,SYBR,,Unkn,,,NaN,0,0,NaN,NaN,0,0,60,
,L22,SYBR,,Unkn,,,NaN,0,0,NaN,NaN,0,0,60,
,L23,SYBR,,Unkn,,,NaN,0,0,NaN,NaN,0,0,60,
,L24,SYBR,,Unkn,,,NaN,0,0,NaN,NaN,0,0,60,
,M01,SYBR,,Unkn,,,36.700609338212,36.700609338212,0,NaN,NaN,NaN,0,60,
,M02,SYBR,,Unkn,,,NaN,0,0,NaN,NaN,0,0,60,
,M03,SYBR,,Unkn,,,NaN,0,0,NaN,NaN,0,0,60,
,M04,SYBR,,Unkn,,,NaN,0,0,NaN,NaN,0,0,60,
,M05,SYBR,,Unkn,,,NaN,0,0,NaN,NaN,0,0,60,
,M06,SYBR,,Unkn,,,NaN,0,0,NaN,NaN,0,0,60,
,M07,SYBR,,Unkn,,,NaN,0,0,NaN,NaN,0,0,60,
,M08,SYBR,,Unkn,,,NaN,0,0,NaN,NaN,0,0,60,
,M09,SYBR,,Unkn,,,NaN,0,0,NaN,NaN,0,0,60,
,M10,SYBR,,Unkn,,,NaN,0,0,NaN,NaN,0,0,60,
,M11,SYBR,,Unkn,,,NaN,0,0,NaN,NaN,0,0,60,
,M12,SYBR,,Unkn,,,NaN,0,0,NaN,NaN,0,0,60,
,M13,SYBR,,Unkn,,,NaN,0,0,NaN,NaN,0,0,60,
,M14,SYBR,,Unkn,,,NaN,0,0,NaN,NaN,0,0,60,
,M15,SYBR,,Unkn,,,NaN,0,0,NaN,NaN,0,0,60,
,M16,SYBR,,Unkn,,,NaN,0,0,NaN,NaN,0,0,60,
,M17,SYBR,,Unkn,,,NaN,0,0,NaN,NaN,0,0,60,
,M18,SYBR,,Unkn,,,NaN,0,0,NaN,NaN,0,0,60,
,M19,SYBR,,Unkn,,,NaN,0,0,NaN,NaN,0,0,60,
,M20,SYBR,,Unkn,,,NaN,0,0,NaN,NaN,0,0,60,
,M21,SYBR,,Unkn,,,NaN,0,0,NaN,NaN,0,0,60,
,M22,SYBR,,Unkn,,,NaN,0,0,NaN,NaN,0,0,60,
,M23,SYBR,,Unkn,,,NaN,0,0,NaN,NaN,0,0,60,
,M24,SYBR,,Unkn,,,NaN,0,0,NaN,NaN,0,0,60,
,N01,SYBR,,Unkn,,,28.8475210681353,28.8475210681353,0,NaN,NaN,NaN,0,60,
,N02,SYBR,,Unkn,,,28.8030277883381,28.8030277883381,0,NaN,NaN,NaN,0,60,
,N03,SYBR,,Unkn,,,NaN,0,0,NaN,NaN,0,0,60,
,N04,SYBR,,Unkn,,,NaN,0,0,NaN,NaN,0,0,60,
,N05,SYBR,,Unkn,,,NaN,0,0,NaN,NaN,0,0,60,
,N06,SYBR,,Unkn,,,NaN,0,0,NaN,NaN,0,0,60,
,N07,SYBR,,Unkn,,,NaN,0,0,NaN,NaN,0,0,60,
,N08,SYBR,,Unkn,,,NaN,0,0,NaN,NaN,0,0,60,
,N09,SYBR,,Unkn,,,NaN,0,0,NaN,NaN,0,0,60,
,N10,SYBR,,Unkn,,,NaN,0,0,NaN,NaN,0,0,60,
,N11,SYBR,,Unkn,,,NaN,0,0,NaN,NaN,0,0,60,
,N12,SYBR,,Unkn,,,NaN,0,0,NaN,NaN,0,0,60,
,N13,SYBR,,Unkn,,,NaN,0,0,NaN,NaN,0,0,60,
,N14,SYBR,,Unkn,,,NaN,0,0,NaN,NaN,0,0,60,
,N15,SYBR,,Unkn,,,NaN,0,0,NaN,NaN,0,0,60,
,N16,SYBR,,Unkn,,,NaN,0,0,NaN,NaN,0,0,60,
,N17,SYBR,,Unkn,,,NaN,0,0,NaN,NaN,0,0,60,
,N18,SYBR,,Unkn,,,NaN,0,0,NaN,NaN,0,0,60,
,N19,SYBR,,Unkn,,,NaN,0,0,NaN,NaN,0,0,60,
,N20,SYBR,,Unkn,,,NaN,0,0,NaN,NaN,0,0,60,
,N21,SYBR,,Unkn,,,NaN,0,0,NaN,NaN,0,0,60,
,N22,SYBR,,Unkn,,,NaN,0,0,NaN,NaN,0,0,60,
,N23,SYBR,,Unkn,,,NaN,0,0,NaN,NaN,0,0,60,
,N24,SYBR,,Unkn,,,NaN,0,0,NaN,NaN,0,0,60,
,O01,SYBR,,Unkn,,,NaN,0,0,NaN,NaN,0,0,60,
,O02,SYBR,,Unkn,,,NaN,0,0,NaN,NaN,0,0,60,
,O03,SYBR,,Unkn,,,NaN,0,0,NaN,NaN,0,0,60,
,O04,SYBR,,Unkn,,,NaN,0,0,NaN,NaN,0,0,60,
,O05,SYBR,,Unkn,,,NaN,0,0,NaN,NaN,0,0,60,
,O06,SYBR,,Unkn,,,NaN,0,0,NaN,NaN,0,0,60,
,O07,SYBR,,Unkn,,,NaN,0,0,NaN,NaN,0,0,60,
,O08,SYBR,,Unkn,,,NaN,0,0,NaN,NaN,0,0,60,
,O09,SYBR,,Unkn,,,NaN,0,0,NaN,NaN,0,0,60,
,O10,SYBR,,Unkn,,,NaN,0,0,NaN,NaN,0,0,60,
,O11,SYBR,,Unkn,,,NaN,0,0,NaN,NaN,0,0,60,
,O12,SYBR,,Unkn,,,NaN,0,0,NaN,NaN,0,0,60,
,O13,SYBR,,Unkn,,,NaN,0,0,NaN,NaN,0,0,60,
,O14,SYBR,,Unkn,,,NaN,0,0,NaN,NaN,0,0,60,
,O15,SYBR,,Unkn,,,NaN,0,0,NaN,NaN,0,0,60,
,O16,SYBR,,Unkn,,,NaN,0,0,NaN,NaN,0,0,60,
,O17,SYBR,,Unkn,,,NaN,0,0,NaN,NaN,0,0,60,
,O18,SYBR,,Unkn,,,NaN,0,0,NaN,NaN,0,0,60,
,O19,SYBR,,Unkn,,,NaN,0,0,NaN,NaN,0,0,60,
,O20,SYBR,,Unkn,,,NaN,0,0,NaN,NaN,0,0,60,
,O21,SYBR,,Unkn,,,NaN,0,0,NaN,NaN,0,0,60,
,O22,SYBR,,Unkn,,,NaN,0,0,NaN,NaN,0,0,60,
,O23,SYBR,,Unkn,,,NaN,0,0,NaN,NaN,0,0,60,
,O24,SYBR,,Unkn,,,NaN,0,0,NaN,NaN,0,0,60,
,P01,SYBR,,Unkn,,,36.0916725599442,36.0916725599442,0,NaN,NaN,NaN,0,60,
,P02,SYBR,,Unkn,,,NaN,0,0,NaN,NaN,0,0,60,
,P03,SYBR,,Unkn,,,NaN,0,0,NaN,NaN,0,0,60,
,P04,SYBR,,Unkn,,,NaN,0,0,NaN,NaN,0,0,60,
,P05,SYBR,,Unkn,,,NaN,0,0,NaN,NaN,0,0,60,
,P06,SYBR,,Unkn,,,NaN,0,0,NaN,NaN,0,0,60,
,P07,SYBR,,Unkn,,,NaN,0,0,NaN,NaN,0,0,60,
,P08,SYBR,,Unkn,,,NaN,0,0,NaN,NaN,0,0,60,
,P09,SYBR,,Unkn,,,NaN,0,0,NaN,NaN,0,0,60,
,P10,SYBR,,Unkn,,,NaN,0,0,NaN,NaN,0,0,60,
,P11,SYBR,,Unkn,,,NaN,0,0,NaN,NaN,0,0,60,
,P12,SYBR,,Unkn,,,NaN,0,0,NaN,NaN,0,0,60,
,P13,SYBR,,Unkn,,,NaN,0,0,NaN,NaN,0,0,60,
,P14,SYBR,,Unkn,,,NaN,0,0,NaN,NaN,0,0,60,
,P15,SYBR,,Unkn,,,NaN,0,0,NaN,NaN,0,0,60,
,P16,SYBR,,Unkn,,,NaN,0,0,NaN,NaN,0,0,60,
,P17,SYBR,,Unkn,,,NaN,0,0,NaN,NaN,0,0,60,
,P18,SYBR,,Unkn,,,NaN,0,0,NaN,NaN,0,0,60,
,P19,SYBR,,Unkn,,,NaN,0,0,NaN,NaN,0,0,60,
,P20,SYBR,,Unkn,,,NaN,0,0,NaN,NaN,0,0,60,
,P21,SYBR,,Unkn,,,NaN,0,0,NaN,NaN,0,0,60,
,P22,SYBR,,Unkn,,,NaN,0,0,NaN,NaN,0,0,60,
,P23,SYBR,,Unkn,,,NaN,0,0,NaN,NaN,0,0,60,
,P24,SYBR,,Unkn,,,NaN,0,0,NaN,NaN,0,0,60,
